{
  "tools/walksnail_osd_parser.py": 1777804119.9215991,
  "tools/track_processor.py": 1777800584.6546643,
  "frontend/js/profile.js": 1777800531.949102,
  "frontend/js/auth.js": 1777827241.9668477,
  "frontend/js/upload.js": 1777806242.0909538,
  "frontend/js/viewer.js": 1777827209.4710765,
  "frontend/js/systems.js": 1777806169.7199748,
  "frontend/js/api.js": 1777827206.7285552,
  "workers/src/index.ts": 1777799330.0,
  "workers/src/lib/utils.ts": 1777799347.0,
  "workers/src/routes/profiles.ts": 1777803214.13258,
  "workers/src/routes/tests.ts": 1777803235.787456,
  "workers/src/routes/tracks.ts": 1777803219.9859667,
  "workers/src/routes/upload.ts": 1777803241.1280656,
  "workers/src/routes/auth.ts": 1777803209.9423738,
  "SETUP_AUTH.md": 1777827260.621114,
  "README.md": 1777800644.4155138,
  "BUTTON_FIXES.md": 1777827271.5373366
}